"outcome","rhat_max","ess_bulk_min","ess_tail_min","n_divergent"
"Binary",1.00190450784059,2482.76755977233,2017.02643169445,0
"Continuous",1.00258796248233,3265.67796564844,2833.62057119242,0
"Survival",1.00152638870922,4420.60601103673,2258.73858316494,0
